question_id,ticker,category,reasoning,mode,faithfulness,answer_relevancy,context_recall,context_precision,ragas_score,duration_ms,answer_length,context_length,entities,relations,chunks,rerank_candidates,own_ticker_chunks,timestamp
1c41ffb9,AMP,Shareholder return,False,local,1.0,0.8024719297913842,1.0,0.9999999999,0.9506,20267,2734,90567,60,81,10,53,6,2026-01-19T20:45:11.242734
1c41ffb9,AMP,Shareholder return,False,global,0.975,0.8135334312951267,1.0,0.9999999999,0.9471,21349,3165,100617,49,60,10,130,10,2026-01-19T20:45:32.591404
1c41ffb9,AMP,Shareholder return,False,naive,0.9333333333333333,0.7994368240128823,1.0,0.9999999999,0.9332,18378,2316,44357,0,0,8,10,6,2026-01-19T20:45:50.969546
1c41ffb9,AMP,Shareholder return,False,hybrid,1.0,0.8581213730297593,1.0,0.9999999999,0.9645,21087,2899,116283,60,135,10,150,10,2026-01-19T20:46:12.056234
1c41ffb9,AMP,Shareholder return,False,mix,1.0,0.8225785568394541,1.0,0.9999999999,0.9556,22519,2485,114289,55,132,10,154,10,2026-01-19T20:46:34.575258
69c257e0,AMP,Financials,False,local,0.9090909090909091,0.8119074699492784,1.0,0.9999999999,0.9302,12603,3000,108048,60,164,10,37,10,2026-01-19T20:51:25.481464
69c257e0,AMP,Financials,False,global,0.9069767441860465,0.8666448992075955,1.0,0.9999999999,0.9434,17106,3089,98503,23,60,10,74,9,2026-01-19T20:51:42.587395
69c257e0,AMP,Financials,False,naive,0.8846153846153846,0.8320223493800132,0.0,0.9999999999,0.6792,17312,2732,34043,0,0,6,10,5,2026-01-19T20:51:59.899096
69c257e0,AMP,Financials,False,hybrid,1.0,0.8960513240451607,1.0,0.9999999999,0.974,18090,2780,122090,39,177,10,125,9,2026-01-19T20:52:17.988619
69c257e0,AMP,Financials,False,mix,1.0,0.8760257376630548,1.0,0.9999999999,0.969,17435,2089,123803,39,181,10,126,9,2026-01-19T20:52:35.423356
6cf59e04,AMP,Risk,False,local,1.0,0.7309572501837293,0.7142857142857143,0.9999999999,0.8613,18856,3669,53423,60,103,2,44,1,2026-01-19T20:46:53.431057
6cf59e04,AMP,Risk,False,global,0.9565217391304348,0.6646875849185265,1.0,0.9999999999,0.9053,17333,2744,60514,41,60,2,126,1,2026-01-19T20:47:10.763815
6cf59e04,AMP,Risk,False,naive,0.7380952380952381,0.7250264185403408,0.42857142857142855,0.9999999999,0.7229,9165,2493,7641,0,0,1,10,1,2026-01-19T20:47:19.929265
6cf59e04,AMP,Risk,False,hybrid,0.9545454545454546,0.7260922042248042,1.0,0.9999999999,0.9202,21260,2437,74303,58,133,2,165,1,2026-01-19T20:47:41.188859
6cf59e04,AMP,Risk,False,mix,0.9285714285714286,0.6979246878433204,0.42857142857142855,0.9999999999,0.7638,18796,1724,79370,57,153,2,169,1,2026-01-19T20:47:59.985206
8ce0a122,AMP,Accounting,False,local,0.9574468085106383,0.7660622199663111,0.0,0.9999999999,0.6809,17483,3754,108485,60,119,10,36,10,2026-01-19T20:50:00.878791
8ce0a122,AMP,Accounting,False,global,0.96,0.7913901990459188,0.0,0.9999999999,0.6878,17930,3304,106603,41,60,10,106,10,2026-01-19T20:50:18.808305
8ce0a122,AMP,Accounting,False,naive,1.0,0.8345030823885494,0.0,0.9999999999,0.7086,12440,2545,46911,0,0,7,10,7,2026-01-19T20:50:31.248775
8ce0a122,AMP,Accounting,False,hybrid,0.953125,0.7861843449524994,0.0,0.9999999999,0.6848,22881,3401,122792,62,133,10,129,10,2026-01-19T20:50:54.130272
8ce0a122,AMP,Accounting,False,mix,0.925,0.7308009050677092,1.0,0.9999999999,0.914,18748,3103,126768,49,146,10,138,10,2026-01-19T20:51:12.878650
99b022fd,AMP,Legal,False,local,0.84,0.8836880031955948,0.8333333333333334,0.9999999999,0.8893,17278,3379,105733,60,132,10,32,10,2026-01-19T20:48:17.262962
99b022fd,AMP,Legal,False,global,0.9166666666666666,0.919611652150258,0.9166666666666666,0.9999999999,0.9382,21219,3425,104705,44,60,10,120,10,2026-01-19T20:48:38.481512
99b022fd,AMP,Legal,False,naive,1.0,0.8069610786204805,0.9166666666666666,0.9999999999,0.9309,14906,2958,52437,0,0,8,10,8,2026-01-19T20:48:53.387784
99b022fd,AMP,Legal,False,hybrid,0.9743589743589743,0.9062387670282295,0.8333333333333334,0.9999999999,0.9285,25374,3963,132603,67,184,10,171,10,2026-01-19T20:49:18.761391
99b022fd,AMP,Legal,False,mix,,0.8764443677725166,0.8333333333333334,0.9999999999,0.9033,24634,3829,132657,69,184,10,181,10,2026-01-19T20:49:43.395538
d25e0880,AMP,Company overview,True,local,1.0,0.7063699926801436,1.0,0.9999999999,0.9266,15400,2543,105358,60,131,10,24,10,2026-01-19T20:43:37.927755
d25e0880,AMP,Company overview,True,global,1.0,0.6618428428395282,1.0,0.9999999999,0.9155,16550,2780,107255,37,60,10,101,10,2026-01-19T20:43:54.478039
d25e0880,AMP,Company overview,True,naive,1.0,0.6162137881749551,1.0,0.9999999999,0.9041,10174,3007,20641,0,0,3,10,3,2026-01-19T20:44:04.651685
d25e0880,AMP,Company overview,True,hybrid,0.9482758620689655,0.6867584266024934,1.0,0.9999999999,0.9088,21824,3086,130382,61,185,10,168,10,2026-01-19T20:44:26.475999
d25e0880,AMP,Company overview,True,mix,0.9696969696969697,0.6835824496457318,1.0,0.9999999999,0.9133,24500,3545,131494,55,184,10,156,10,2026-01-19T20:44:50.975796
5f7adf0f,BIIB,Governance,False,local,1.0,0.0,0.0,0.0,0.25,57386,1212,84198,60,73,10,34,8,2026-01-19T20:10:12.249754
5f7adf0f,BIIB,Governance,False,global,1.0,0.0,0.7777777777777778,0.0,0.4444,26724,905,92941,23,60,8,84,3,2026-01-19T20:10:38.973677
5f7adf0f,BIIB,Governance,False,naive,1.0,0.9271309657105745,0.0,0.0,0.4818,6881,685,14487,0,0,3,10,3,2026-01-19T20:10:45.854792
5f7adf0f,BIIB,Governance,False,hybrid,0.8636363636363636,0.0,0.0,0.9999999999,0.4659,59136,1732,110921,39,132,10,134,8,2026-01-19T20:11:44.991048
5f7adf0f,BIIB,Governance,False,mix,0.7142857142857143,0.0,0.5555555555555556,0.0,0.3175,55035,1175,117565,36,159,10,130,9,2026-01-19T20:12:40.026107
a26c0c76,BIIB,Company overview,False,local,1.0,0.8313415334815253,0.8333333333333334,0.9999999999,0.9162,47251,2967,109976,60,173,10,45,10,2026-01-19T19:59:33.130444
a26c0c76,BIIB,Company overview,False,global,0.9772727272727273,0.8733237627153322,0.6666666666666666,0.9999999999,0.8793,32212,2925,100214,40,60,10,102,10,2026-01-19T20:00:05.342041
a26c0c76,BIIB,Company overview,False,naive,0.9534883720930233,0.8351701965277343,1.0,0.9999999999,0.9472,13638,2965,29187,0,0,5,10,5,2026-01-19T20:00:18.979663
a26c0c76,BIIB,Company overview,False,hybrid,1.0,0.8455235716342565,0.8333333333333334,0.9999999999,0.9197,29288,2617,117038,55,178,10,78,10,2026-01-19T20:00:48.268119
a26c0c76,BIIB,Company overview,False,mix,0.9423076923076923,0.8783917218465676,1.0,0.9999999999,0.9552,30671,3195,120330,65,172,10,84,10,2026-01-19T20:01:18.939459
c520d0e9,BIIB,Company overview,True,local,1.0,0.7057749808188526,0.75,0.9999999999,0.8639,29340,3191,108482,60,172,10,46,10,2026-01-19T19:56:38.206003
c520d0e9,BIIB,Company overview,True,global,1.0,0.7177233484237372,0.75,0.9999999999,0.8669,32227,2679,101425,36,60,10,109,10,2026-01-19T19:57:10.432696
c520d0e9,BIIB,Company overview,True,naive,0.7068965517241379,0.8346010336266131,0.25,0.9999999999,0.6979,10345,2902,19114,0,0,3,10,3,2026-01-19T19:57:20.777816
c520d0e9,BIIB,Company overview,True,hybrid,0.7,0.6990649964640401,1.0,0.9999999999,0.8498,36752,2421,121741,49,175,10,149,10,2026-01-19T19:57:57.530035
c520d0e9,BIIB,Company overview,True,mix,0.9722222222222222,0.7309317108576926,1.0,0.9999999999,0.9258,48350,2966,123922,55,173,10,153,10,2026-01-19T19:58:45.879925
cbd456e9,BIIB,Legal,False,local,0.9782608695652174,0.7979092704938604,0.6666666666666666,0.9999999999,0.8607,32857,3674,103694,60,172,10,37,10,2026-01-19T20:01:51.796877
cbd456e9,BIIB,Legal,False,global,0.9787234042553191,0.8464505850826499,0.2222222222222222,0.9999999999,0.7618,44351,3147,99147,33,60,10,93,10,2026-01-19T20:02:36.148321
cbd456e9,BIIB,Legal,False,naive,0.9736842105263158,0.7885140336872775,0.3333333333333333,0.0,0.5239,13432,2966,5994,0,0,1,10,1,2026-01-19T20:02:49.580116
cbd456e9,BIIB,Legal,False,hybrid,1.0,0.753118332481218,0.5555555555555556,0.9999999999,0.8272,34160,4033,120607,39,174,10,114,10,2026-01-19T20:03:23.739633
cbd456e9,BIIB,Legal,False,mix,0.96,0.7780390648542648,0.6666666666666666,0.9999999999,0.8512,34229,3533,120297,70,176,10,126,10,2026-01-19T20:03:57.968710
d5641244,BIIB,Governance,False,local,0.9803921568627451,0.8054076985639537,1.0,0.9999999999,0.9464,29631,3141,109293,60,173,10,61,10,2026-01-19T20:04:27.599676
d5641244,BIIB,Governance,False,global,1.0,0.8874195015951333,1.0,0.9999999999,0.9719,36740,2691,73330,41,60,5,110,5,2026-01-19T20:05:04.339924
d5641244,BIIB,Governance,False,naive,0.95,0.8736652897658507,1.0,0.9999999999,0.9559,10634,2545,18475,0,0,3,10,3,2026-01-19T20:05:14.974006
d5641244,BIIB,Governance,False,hybrid,1.0,0.8027950345844834,1.0,0.9999999999,0.9507,36654,2930,125879,51,174,10,137,10,2026-01-19T20:05:51.627861
d5641244,BIIB,Governance,False,mix,1.0,0.799442312861418,1.0,0.9999999999,0.9499,37853,2850,123439,50,173,10,140,10,2026-01-19T20:06:29.481124
df27b7cc,BIIB,Accounting,False,local,1.0,0.8120259101583821,0.75,0.9999999999,0.8905,29669,1789,101037,60,173,10,44,10,2026-01-19T20:06:59.149771
df27b7cc,BIIB,Accounting,False,global,1.0,0.8600520955215437,1.0,0.9999999999,0.965,37983,1831,87810,34,60,8,109,8,2026-01-19T20:07:37.132694
df27b7cc,BIIB,Accounting,False,naive,1.0,0.0,0.0,0.0,0.25,26504,1391,10510,0,0,2,10,2,2026-01-19T20:08:03.636420
df27b7cc,BIIB,Accounting,False,hybrid,1.0,0.8650301546089211,1.0,0.9999999999,0.9663,33427,2499,117807,47,171,10,135,10,2026-01-19T20:08:37.063572
df27b7cc,BIIB,Accounting,False,mix,1.0,0.8279900033639483,1.0,0.9999999999,0.957,37800,1795,117643,47,168,10,134,10,2026-01-19T20:09:14.863750
0d0d16d0,CE,Footnotes,False,local,0.9743589743589743,0.7339103971963796,0.0,0.9999999999,0.6771,23176,2511,107047,60,184,10,52,10,2026-01-19T20:42:03.059001
0d0d16d0,CE,Footnotes,False,global,1.0,0.0,0.14814814814814814,0.9999999999,0.537,21992,2404,45295,33,60,1,107,1,2026-01-19T20:42:25.051282
0d0d16d0,CE,Footnotes,False,naive,1.0,0.0,0.0,0.0,0.25,10410,2248,12657,0,0,2,10,2,2026-01-19T20:42:35.461777
0d0d16d0,CE,Footnotes,False,hybrid,0.9310344827586207,0.7334603209294145,0.0,0.9999999999,0.6661,23652,3075,122645,47,179,10,145,10,2026-01-19T20:42:59.113365
0d0d16d0,CE,Footnotes,False,mix,0.9555555555555556,0.7162701219803497,0.0,0.9999999999,0.668,23414,2767,122645,47,179,10,152,10,2026-01-19T20:43:22.527400
2b9ff3ae,CE,Financials,True,local,1.0,0.8331452335965593,0.8,0.9999999999,0.9083,18184,2244,108109,60,158,10,40,10,2026-01-19T20:39:58.473834
2b9ff3ae,CE,Financials,True,global,1.0,0.8347239795193482,0.6,0.9999999999,0.8587,18310,2266,79299,32,60,7,106,7,2026-01-19T20:40:16.784162
2b9ff3ae,CE,Financials,True,naive,0.9285714285714286,0.0,0.0,0.0,0.2321,32690,1782,6764,0,0,1,10,1,2026-01-19T20:40:49.473825
2b9ff3ae,CE,Financials,True,hybrid,1.0,0.8260324056055799,1.0,0.9999999999,0.9565,29838,2021,109869,47,129,10,145,10,2026-01-19T20:41:19.311446
2b9ff3ae,CE,Financials,True,mix,1.0,0.8334051901429866,1.0,0.9999999999,0.9584,20571,1745,118483,47,168,10,148,10,2026-01-19T20:41:39.882661
38ae5ab1,CE,Governance,False,local,1.0,0.0,0.0,0.9999999999,0.5,8869,433,26996,60,67,0,46,0,2026-01-19T19:03:52.646775
38ae5ab1,CE,Governance,False,global,0.9523809523809523,0.0,0.0,0.9999999999,0.4881,21673,1387,44786,34,60,0,112,0,2026-01-19T19:04:14.320237
38ae5ab1,CE,Governance,False,naive,1.0,0.0,0.0,0.0,0.25,3770,247,233,0,0,0,10,0,2026-01-19T19:04:18.089838
38ae5ab1,CE,Governance,False,hybrid,0.9230769230769231,0.0,0.0,0.9999999999,0.4808,58037,935,57918,55,129,0,168,0,2026-01-19T19:05:16.126793
38ae5ab1,CE,Governance,False,mix,1.0,0.0,0.0,0.9999999999,0.5,66415,1155,56183,55,122,0,168,0,2026-01-19T19:06:22.541714
7415499e,CE,Company overview,False,local,1.0,0.0,0.0,0.0,0.25,,516,34158,60,96,0,54,0,2026-01-19T19:01:17.039001
7415499e,CE,Company overview,False,global,1.0,0.0,0.0,0.9999999999,0.5,81152,952,43705,52,60,0,134,0,2026-01-19T19:02:38.190786
7415499e,CE,Company overview,False,naive,1.0,0.0,0.0,0.0,0.25,18930,258,233,0,0,0,10,0,2026-01-19T19:02:57.120617
7415499e,CE,Company overview,False,hybrid,1.0,0.0,0.8,0.9999999999,0.7,19235,536,57520,69,129,0,144,0,2026-01-19T19:03:16.355682
7415499e,CE,Company overview,False,mix,1.0,0.0,0.6,0.0,0.4,27422,360,56577,66,125,0,141,0,2026-01-19T19:03:43.777996
9294f77b,CE,Company overview,False,local,1.0,0.0,0.0,0.0,0.25,14653,757,30193,60,85,0,46,0,2026-01-19T19:06:37.194645
9294f77b,CE,Company overview,False,global,0.6666666666666666,0.0,0.0,0.0,0.1667,31346,187,45533,48,60,0,131,0,2026-01-19T19:07:08.541126
9294f77b,CE,Company overview,False,naive,1.0,0.0,0.0,0.0,0.25,4247,187,233,0,0,0,10,0,2026-01-19T19:07:12.788588
9294f77b,CE,Company overview,False,hybrid,0.875,0.0,0.0,0.0,0.2188,36588,1349,59365,68,136,0,166,0,2026-01-19T19:07:49.376504
9294f77b,CE,Company overview,False,mix,1.0,0.0,0.0,0.0,0.25,43320,759,58000,62,137,0,166,0,2026-01-19T19:08:32.696773
daff6a7b,CE,Company overview,False,local,1.0,0.7889122140812628,0.7142857142857143,0.9999999999,0.8758,18975,1973,109956,60,160,10,60,10,2026-01-19T20:38:14.271709
daff6a7b,CE,Company overview,False,global,0.6774193548387096,0.89926569871088,1.0,0.9999999999,0.8942,15066,1771,58017,31,60,2,96,2,2026-01-19T20:38:29.337703
daff6a7b,CE,Company overview,False,naive,1.0,0.0,0.0,0.0,0.25,20187,1002,6542,0,0,1,10,1,2026-01-19T20:38:49.524750
daff6a7b,CE,Company overview,False,hybrid,0.8,0.8271721095083612,1.0,0.9999999999,0.9068,24380,2686,126305,42,173,10,141,10,2026-01-19T20:39:13.905111
daff6a7b,CE,Company overview,False,mix,0.9454545454545454,0.8621025684447794,1.0,0.9999999999,0.9519,26385,2798,126305,42,173,10,144,10,2026-01-19T20:39:40.289893
1bacc152,CTAS,Footnotes,False,local,1.0,0.7375728199438507,0.75,0.9999999999,0.8719,14763,1477,108106,60,157,10,51,10,2026-01-19T20:36:36.956765
1bacc152,CTAS,Footnotes,False,global,1.0,0.7759445876059482,0.75,0.9999999999,0.8815,15212,1175,53186,31,60,2,102,2,2026-01-19T20:36:52.168352
1bacc152,CTAS,Footnotes,False,naive,0.9444444444444444,0.0,0.0,0.0,0.2361,24598,1046,21687,0,0,4,10,4,2026-01-19T20:37:16.766599
1bacc152,CTAS,Footnotes,False,hybrid,1.0,0.7016687585229997,0.75,0.9999999999,0.8629,19379,1504,120340,49,166,10,144,10,2026-01-19T20:37:36.145442
1bacc152,CTAS,Footnotes,False,mix,1.0,0.715614146905482,0.75,0.9999999999,0.8664,19151,1213,119671,44,161,10,143,10,2026-01-19T20:37:55.296581
4d181fb3,CTAS,Governance,False,local,1.0,0.799602873779858,0.2,0.0,0.4999,28472,1705,38120,60,85,1,53,1,2026-01-19T20:31:58.516940
4d181fb3,CTAS,Governance,False,global,0.9375,0.7399458698995672,0.2,0.9999999999,0.7194,26463,1903,44719,25,60,0,91,0,2026-01-19T20:32:24.979862
4d181fb3,CTAS,Governance,False,naive,1.0,0.0,0.0,0.0,0.25,3634,205,233,0,0,0,10,0,2026-01-19T20:32:28.614238
4d181fb3,CTAS,Governance,False,hybrid,0.85,0.7251965869020928,0.4,0.0,0.4938,18899,2113,65018,37,136,1,129,1,2026-01-19T20:32:47.513208
4d181fb3,CTAS,Governance,False,mix,0.8536585365853658,0.678860849263752,0.4,0.9999999999,0.7331,22248,2210,65018,37,136,1,131,1,2026-01-19T20:33:09.761052
58a5d8e7,CTAS,Company overview,True,local,0.9090909090909091,0.7855043820223826,1.0,0.9999999999,0.9236,22954,3173,90756,60,72,10,46,10,2026-01-19T20:27:58.644581
58a5d8e7,CTAS,Company overview,True,global,0.851063829787234,0.7845409013661806,1.0,0.9999999999,0.9089,22824,2696,75094,35,60,5,111,5,2026-01-19T20:28:21.468740
58a5d8e7,CTAS,Company overview,True,naive,0.9565217391304348,0.6704413176647964,1.0,0.9999999999,0.9067,21655,3163,37820,0,0,6,10,6,2026-01-19T20:28:43.123654
58a5d8e7,CTAS,Company overview,True,hybrid,0.9852941176470589,0.8561247618100912,1.0,0.9999999999,0.9604,25899,3390,133684,45,168,10,142,10,2026-01-19T20:29:09.022549
58a5d8e7,CTAS,Company overview,True,mix,0.9166666666666666,0.8454329076335894,1.0,0.9999999999,0.9405,24947,3348,134600,50,168,10,149,10,2026-01-19T20:29:33.969646
9bc47daa,CTAS,Accounting,False,local,0.8648648648648649,0.6982662916288539,0.0,0.9999999999,0.6408,16959,2467,46387,60,76,3,50,3,2026-01-19T20:33:26.720537
9bc47daa,CTAS,Accounting,False,global,1.0,0.6879168433037247,0.0,0.9999999999,0.672,17618,2717,97554,27,60,10,81,10,2026-01-19T20:33:44.338714
9bc47daa,CTAS,Accounting,False,naive,0.88,0.6966884016115378,0.0,0.9999999999,0.6442,11082,2554,24365,0,0,4,10,4,2026-01-19T20:33:55.420602
9bc47daa,CTAS,Accounting,False,hybrid,1.0,0.6929069757468005,0.8,0.9999999999,0.8732,24609,2454,119021,40,166,10,103,10,2026-01-19T20:34:20.029526
9bc47daa,CTAS,Accounting,False,mix,0.8936170212765957,0.6526738650939347,0.8,0.9999999999,0.8366,23173,3159,113035,45,130,10,132,10,2026-01-19T20:34:43.202242
f2396b30,CTAS,Financials,False,local,0.9722222222222222,0.7679409664500086,0.75,0.9999999999,0.8725,17264,2797,89125,60,106,10,46,10,2026-01-19T20:35:00.466534
f2396b30,CTAS,Financials,False,global,0.9591836734693877,0.7357405952491969,0.75,0.9999999999,0.8612,20168,2765,85498,26,60,8,80,7,2026-01-19T20:35:20.634037
f2396b30,CTAS,Financials,False,naive,,0.6766602064634138,0.0,0.0,0.2256,11214,2214,11877,0,0,2,10,2,2026-01-19T20:35:31.848081
f2396b30,CTAS,Financials,False,hybrid,1.0,0.7106546892629515,1.0,0.9999999999,0.9277,27898,2862,122048,54,176,10,152,10,2026-01-19T20:35:59.745826
f2396b30,CTAS,Financials,False,mix,1.0,0.8186138148392789,1.0,0.9999999999,0.9547,22448,2847,114144,36,140,10,134,10,2026-01-19T20:36:22.193387
f54eba8e,CTAS,Shareholder return,False,local,1.0,0.717179076148768,0.6666666666666666,0.9999999999,0.846,26275,2700,85411,60,92,9,56,8,2026-01-19T20:30:00.244792
f54eba8e,CTAS,Shareholder return,False,global,0.975609756097561,0.8609263447836195,0.3333333333333333,0.9999999999,0.7925,23615,2750,78769,38,60,6,116,3,2026-01-19T20:30:23.859924
f54eba8e,CTAS,Shareholder return,False,naive,1.0,0.7525823582813093,0.5,0.9999999999,0.8131,13963,2199,24393,0,0,4,10,3,2026-01-19T20:30:37.822947
f54eba8e,CTAS,Shareholder return,False,hybrid,1.0,0.7832442145163413,0.3333333333333333,0.9999999999,0.7791,28550,3296,108941,60,134,10,168,10,2026-01-19T20:31:06.372552
f54eba8e,CTAS,Shareholder return,False,mix,0.9696969696969697,0.8264354982286344,0.16666666666666666,0.9999999999,0.7407,23672,2586,112604,60,145,10,177,10,2026-01-19T20:31:30.044541
008beea7,HAS,Financials,True,local,1.0,0.7600657858675227,0.3684210526315789,0.9999999999,0.7821,29101,2202,77003,60,76,10,29,10,2026-01-19T19:09:01.798112
008beea7,HAS,Financials,True,global,0.9615384615384616,0.0,0.8888888888888888,0.0,0.4626,26726,2263,95491,42,60,10,120,10,2026-01-19T19:09:28.524005
008beea7,HAS,Financials,True,naive,1.0,0.0,0.1111111111111111,0.0,0.2778,18704,542,36832,0,0,7,10,7,2026-01-19T19:09:47.227566
008beea7,HAS,Financials,True,hybrid,0.8148148148148148,0.0,0.16666666666666666,0.9999999999,0.4954,30390,2680,107515,56,135,10,126,10,2026-01-19T19:10:17.617733
008beea7,HAS,Financials,True,mix,0.8260869565217391,0.8120846727184775,0.7777777777777778,0.0,0.604,31148,2409,113349,43,163,10,119,10,2026-01-19T19:10:48.766075
2afcec04,HAS,Accounting,False,local,0.95,0.5908636135394598,0.0,0.9999999999,0.6352,22074,2682,118780,60,141,10,47,10,2026-01-19T19:13:19.907684
2afcec04,HAS,Accounting,False,global,0.9795918367346939,0.7239127638100976,0.0,0.0,0.4259,28501,2606,108677,36,60,10,111,10,2026-01-19T19:13:48.408226
2afcec04,HAS,Accounting,False,naive,0.9384615384615385,0.6940722469128938,0.0,0.0,0.4081,11548,2688,33485,0,0,5,10,5,2026-01-19T19:13:59.956055
2afcec04,HAS,Accounting,False,hybrid,0.9555555555555556,0.6347419205989624,0.0,0.9999999999,0.6476,31994,2356,126224,50,155,10,137,10,2026-01-19T19:14:31.949580
2afcec04,HAS,Accounting,False,mix,1.0,0.5844572476588107,0.0,0.9999999999,0.6461,33319,2231,124055,49,155,10,144,10,2026-01-19T19:15:05.268915
2e52d788,HAS,Governance,False,local,1.0,0.7369621063418429,0.8571428571428571,0.9999999999,0.8985,22640,1960,62537,60,89,4,48,2,2026-01-19T19:11:11.406402
2e52d788,HAS,Governance,False,global,1.0,0.7521379998200807,0.7142857142857143,0.9999999999,0.8666,29076,3651,78841,30,60,5,99,3,2026-01-19T19:11:40.482440
2e52d788,HAS,Governance,False,naive,1.0,0.0,0.0,0.0,0.25,10541,250,233,0,0,0,10,0,2026-01-19T19:11:51.023583
2e52d788,HAS,Governance,False,hybrid,0.967741935483871,0.741958323968419,0.7142857142857143,0.9999999999,0.856,30924,2864,91836,43,120,5,137,3,2026-01-19T19:12:21.948054
2e52d788,HAS,Governance,False,mix,0.9487179487179487,0.8012723243058169,0.7142857142857143,0.9999999999,0.8661,35886,2956,91262,43,123,5,140,3,2026-01-19T19:12:57.833997
3f515a80,HAS,Financials,False,local,0.8857142857142857,0.8079609635027146,0.6666666666666666,0.9999999999,0.8401,34658,2810,113733,60,141,10,66,10,2026-01-19T19:20:55.177664
3f515a80,HAS,Financials,False,global,0.9428571428571428,0.7716112042635137,0.6666666666666666,0.9999999999,0.8453,41650,2609,64183,47,60,3,124,3,2026-01-19T19:21:36.827184
3f515a80,HAS,Financials,False,naive,1.0,0.8493728735421663,0.0,0.0,0.4623,11824,3436,6586,0,0,1,10,1,2026-01-19T19:21:48.651428
3f515a80,HAS,Financials,False,hybrid,0.9696969696969697,0.7945702070748034,0.14285714285714285,0.9999999999,0.7268,43290,2835,130420,64,156,10,161,10,2026-01-19T19:22:31.941104
3f515a80,HAS,Financials,False,mix,0.9642857142857143,0.725177312289257,0.75,0.9999999999,0.8599,44911,3489,130420,64,156,10,164,10,2026-01-19T19:23:16.851649
8c8c8c34,HAS,Financials,False,local,1.0,0.7684081515159961,0.2857142857142857,0.9999999999,0.7635,31185,3328,113193,60,141,10,58,10,2026-01-19T19:15:36.453863
8c8c8c34,HAS,Financials,False,global,0.9411764705882353,0.7726359512844824,0.14285714285714285,0.9999999999,0.7142,32064,3535,99910,45,60,10,99,10,2026-01-19T19:16:08.517605
8c8c8c34,HAS,Financials,False,naive,1.0,0.8004320785143868,0.2857142857142857,0.9999999999,0.7715,29243,3200,55101,0,0,10,10,10,2026-01-19T19:16:37.760340
8c8c8c34,HAS,Financials,False,hybrid,1.0,0.8120215336442556,0.8571428571428571,0.9999999999,0.9173,33579,3573,115728,63,144,10,115,10,2026-01-19T19:17:11.339002
8c8c8c34,HAS,Financials,False,mix,1.0,0.7057235003493493,0.7142857142857143,0.9999999999,0.855,33339,3858,118452,53,146,10,85,10,2026-01-19T19:17:44.677510
caa865da,HAS,Company overview,False,local,0.9777777777777777,0.6502661839398912,0.5714285714285714,0.9999999999,0.7999,25895,3444,118874,60,141,10,50,10,2026-01-19T19:18:10.572278
caa865da,HAS,Company overview,False,global,0.967741935483871,0.8596014931272662,1.0,0.9999999999,0.9568,31098,3294,106925,47,60,10,130,10,2026-01-19T19:18:41.669970
caa865da,HAS,Company overview,False,naive,1.0,0.7406848492973385,1.0,0.9999999999,0.9352,29834,3379,50318,0,0,8,10,8,2026-01-19T19:19:11.503914
caa865da,HAS,Company overview,False,hybrid,0.8666666666666667,0.7765458783635343,1.0,0.9999999999,0.9108,35733,3527,131018,47,157,10,138,10,2026-01-19T19:19:47.236905
caa865da,HAS,Company overview,False,mix,1.0,0.7013032596866647,0.75,0.9999999999,0.8628,33283,2869,129552,53,155,10,144,10,2026-01-19T19:20:20.519945
2fdba0b2,HON,Footnotes,False,local,1.0,0.7978127552118722,1.0,0.9999999999,0.9495,32309,2849,83581,60,75,10,33,10,2026-01-19T19:23:49.160919
2fdba0b2,HON,Footnotes,False,global,1.0,0.7814984442184049,1.0,0.9999999999,0.9454,30821,2679,97008,27,60,10,89,10,2026-01-19T19:24:19.982100
2fdba0b2,HON,Footnotes,False,naive,1.0,0.8361586758214751,0.8,0.9999999999,0.909,19282,2584,25060,0,0,4,10,4,2026-01-19T19:24:39.264358
2fdba0b2,HON,Footnotes,False,hybrid,1.0,0.7731498907041757,1.0,0.9999999999,0.9433,40569,2909,116139,39,144,10,131,10,2026-01-19T19:25:19.833591
2fdba0b2,HON,Footnotes,False,mix,1.0,0.8080388523512015,1.0,0.9999999999,0.952,37104,2794,116139,39,144,10,133,10,2026-01-19T19:25:56.937886
47703f4b,HON,Governance,False,local,0.9787234042553191,0.6819216872883503,0.08333333333333333,0.9999999999,0.686,30413,2382,117118,60,182,10,33,10,2026-01-19T19:29:04.390979
47703f4b,HON,Governance,False,global,0.9393939393939394,0.7614552778033334,0.45454545454545453,0.0,0.5388,38509,2221,90786,39,60,7,108,7,2026-01-19T19:29:42.900006
47703f4b,HON,Governance,False,naive,1.0,0.7653086970672964,0.0,0.0,0.4413,10027,1852,33305,0,0,5,10,5,2026-01-19T19:29:52.926899
47703f4b,HON,Governance,False,hybrid,1.0,0.7841155709666419,0.09090909090909091,0.9999999999,0.7188,40987,2564,135299,60,186,10,168,10,2026-01-19T19:30:33.914371
47703f4b,HON,Governance,False,mix,1.0,0.7286375799362464,0.0,0.9999999999,0.6822,41038,2828,132996,56,186,10,162,10,2026-01-19T19:31:14.952142
5e5180f2,HON,Accounting,False,local,1.0,0.6542690821425702,0.8947368421052632,0.9999999999,0.8873,30190,2972,96223,60,79,10,56,10,2026-01-19T19:34:42.489669
5e5180f2,HON,Accounting,False,global,0.9180327868852459,0.7159616670906997,0.0,0.9999999999,0.6585,27614,3157,108499,32,60,10,96,10,2026-01-19T19:35:10.103265
5e5180f2,HON,Accounting,False,naive,0.96875,0.0,0.0,0.0,0.2422,53950,2381,38909,0,0,6,10,6,2026-01-19T19:36:04.053602
5e5180f2,HON,Accounting,False,hybrid,1.0,0.7203441926022399,0.0,0.9999999999,0.6801,36267,2827,121289,57,124,10,139,10,2026-01-19T19:36:40.320886
5e5180f2,HON,Accounting,False,mix,0.9782608695652174,0.6532324869018324,0.0,0.9999999999,0.6579,32221,2922,120709,47,121,10,136,10,2026-01-19T19:37:12.541589
8a0f4278,HON,Company overview,False,local,1.0,0.0,0.0,0.0,0.25,30968,1145,25438,60,60,0,33,0,2026-01-19T21:06:43.815326
8a0f4278,HON,Company overview,False,global,0.9761904761904762,0.0,0.0,0.0,0.244,32072,2428,42650,44,60,0,125,0,2026-01-19T21:07:15.887509
8a0f4278,HON,Company overview,False,naive,1.0,0.0,0.0,0.0,0.25,8644,264,233,0,0,0,10,0,2026-01-19T21:07:24.531253
8a0f4278,HON,Company overview,False,hybrid,0.8787878787878788,0.0,0.0,0.0,0.2197,26193,1449,56273,66,140,0,154,0,2026-01-19T21:07:50.724458
8a0f4278,HON,Company overview,False,mix,0.8936170212765957,0.0,0.0,0.0,0.2234,28068,2833,52769,66,120,0,149,0,2026-01-19T21:08:18.792086
c88933f5,HON,Risk,False,local,0.8679245283018868,0.8067267971306898,0.8333333333333334,0.9999999999,0.877,33243,2731,126584,60,181,10,44,10,2026-01-19T19:26:30.180573
c88933f5,HON,Risk,False,global,1.0,0.7477138605851595,0.8333333333333334,0.9999999999,0.8953,35890,3857,110947,28,60,10,87,10,2026-01-19T19:27:06.070798
c88933f5,HON,Risk,False,naive,0.9523809523809523,0.7797801094944562,0.0,0.0,0.433,10886,2382,39734,0,0,6,10,6,2026-01-19T19:27:16.956993
c88933f5,HON,Risk,False,hybrid,0.9846153846153847,0.8090239088313624,0.8333333333333334,0.9999999999,0.9067,35694,3486,134894,51,166,10,139,10,2026-01-19T19:27:52.650755
c88933f5,HON,Risk,False,mix,0.9591836734693877,0.745211324175321,1.0,0.9999999999,0.9261,41327,2754,137864,50,180,10,142,10,2026-01-19T19:28:33.977779
c8c289bc,HON,Governance,False,local,1.0,0.8162696905816129,0.8571428571428571,0.9999999999,0.9184,36667,3360,97575,60,91,10,35,10,2026-01-19T19:31:51.618704
c8c289bc,HON,Governance,False,global,0.8387096774193549,0.7511288447413023,1.0,0.9999999999,0.8975,36763,3123,101226,53,60,10,150,10,2026-01-19T19:32:28.382070
c8c289bc,HON,Governance,False,naive,1.0,0.7732813137287496,0.5714285714285714,0.9999999999,0.8362,30391,3286,45764,0,0,7,10,7,2026-01-19T19:32:58.773196
c8c289bc,HON,Governance,False,hybrid,0.967741935483871,0.7759803007841551,1.0,0.9999999999,0.9359,38605,3421,122643,72,138,10,166,10,2026-01-19T19:33:37.378636
c8c289bc,HON,Governance,False,mix,0.9830508474576272,0.8276599418751718,1.0,0.9999999999,0.9527,34921,2974,120061,71,149,10,154,10,2026-01-19T19:34:12.299441
f3a3d09b,HON,Company overview,False,local,1.0,0.8311880280687323,1.0,0.9999999999,0.9578,29327,3153,84730,60,73,10,40,10,2026-01-19T19:37:41.868645
f3a3d09b,HON,Company overview,False,global,1.0,0.7822081681290175,0.6363636363636364,0.9999999999,0.8546,21542,2923,102356,41,60,9,114,9,2026-01-19T19:38:03.410299
f3a3d09b,HON,Company overview,False,naive,0.9761904761904762,0.7751373998332992,1.0,0.9999999999,0.9378,9750,2505,26390,0,0,4,10,4,2026-01-19T19:38:13.160612
f3a3d09b,HON,Company overview,False,hybrid,1.0,0.6964907416261488,1.0,0.9999999999,0.9241,33256,3099,114644,58,131,10,170,10,2026-01-19T19:38:46.416290
f3a3d09b,HON,Company overview,False,mix,1.0,0.6702577563051695,1.0,0.9999999999,0.9176,31122,3784,114644,58,131,10,173,10,2026-01-19T19:39:17.538339
0ed7397a,MRO,Company overview,True,local,1.0,0.8133889949047249,0.6,0.9999999999,0.8533,13485,3279,84210,60,91,7,42,7,2026-01-19T21:08:32.277122
0ed7397a,MRO,Company overview,True,global,0.9830508474576272,0.7548635792484019,0.8,0.9999999999,0.8845,17619,3071,108704,37,60,10,102,10,2026-01-19T21:08:49.896522
0ed7397a,MRO,Company overview,True,naive,1.0,0.7502408949059157,1.0,0.9999999999,0.9376,12814,3658,14352,0,0,2,10,2,2026-01-19T21:09:02.710544
0ed7397a,MRO,Company overview,True,hybrid,1.0,0.7760639854340671,1.0,0.9999999999,0.944,20440,3645,123376,54,132,10,149,10,2026-01-19T21:09:23.150788
0ed7397a,MRO,Company overview,True,mix,0.9487179487179487,0.7665643796202039,1.0,0.9999999999,0.9288,19053,3632,121555,54,119,10,149,10,2026-01-19T21:09:42.203815
132a45f4,MRO,Governance,False,local,0.7272727272727273,0.0,0.0,0.0,0.1818,43137,1410,26706,60,80,0,47,0,2026-01-19T21:19:08.206978
132a45f4,MRO,Governance,False,global,0.9661016949152542,0.6407885572258188,0.0,0.0,0.4017,17982,2519,58318,35,60,2,99,2,2026-01-19T21:19:26.189465
132a45f4,MRO,Governance,False,naive,1.0,0.0,0.0,0.0,0.25,7118,259,233,0,0,0,10,0,2026-01-19T21:19:33.306967
132a45f4,MRO,Governance,False,hybrid,0.9672131147540983,0.0,0.0,0.0,0.2418,25855,3278,70482,43,140,2,150,2,2026-01-19T21:19:59.162210
132a45f4,MRO,Governance,False,mix,0.9661016949152542,0.7286099512399379,0.0,0.0,0.4237,40173,2837,73397,52,131,2,149,2,2026-01-19T21:20:39.335612
1baac2d2,MRO,Governance,False,local,1.0,0.852827866718881,0.7142857142857143,0.9999999999,0.8918,13339,2266,105331,60,137,10,23,10,2026-01-19T21:14:35.994153
1baac2d2,MRO,Governance,False,global,1.0,0.7897016099842028,0.7142857142857143,0.9999999999,0.876,15826,2812,104156,35,60,10,99,10,2026-01-19T21:14:51.820232
1baac2d2,MRO,Governance,False,naive,1.0,0.7610919456626749,0.42857142857142855,0.9999999999,0.7974,10217,2742,20515,0,0,3,10,3,2026-01-19T21:15:02.037648
1baac2d2,MRO,Governance,False,hybrid,1.0,0.7504807861068223,0.5714285714285714,0.9999999999,0.8305,20107,2125,127735,53,177,10,150,10,2026-01-19T21:15:22.144631
1baac2d2,MRO,Governance,False,mix,1.0,0.7587295180851784,0.5714285714285714,0.9999999999,0.8325,18290,2368,127735,53,177,10,152,10,2026-01-19T21:15:40.435117
775f0325,MRO,Company overview,False,local,0.9722222222222222,0.8132974150222881,0.8,0.9999999999,0.8964,19949,3819,112981,60,156,10,50,10,2026-01-19T21:13:02.391771
775f0325,MRO,Company overview,False,global,1.0,0.7128964174619202,0.6,0.9999999999,0.8282,20967,3239,83228,51,60,6,134,6,2026-01-19T21:13:23.358889
775f0325,MRO,Company overview,False,naive,1.0,0.0,0.0,0.0,0.25,10421,472,233,0,0,0,10,0,2026-01-19T21:13:33.779587
775f0325,MRO,Company overview,False,hybrid,1.0,0.7366637312349024,1.0,0.9999999999,0.9342,23516,3183,132601,67,168,10,155,10,2026-01-19T21:13:57.295471
775f0325,MRO,Company overview,False,mix,0.9142857142857143,0.7296501197811507,1.0,0.9999999999,0.911,25359,3837,131251,67,167,10,157,10,2026-01-19T21:14:22.654817
9fd9b39f,MRO,Accounting,False,local,0.9583333333333334,0.7659048433254402,0.0,0.9999999999,0.6811,23986,1783,77760,60,72,9,45,9,2026-01-19T21:16:04.421590
9fd9b39f,MRO,Accounting,False,global,0.7619047619047619,0.0,0.6666666666666666,0.9999999999,0.6071,37342,2602,49993,35,60,1,103,1,2026-01-19T21:16:41.763488
9fd9b39f,MRO,Accounting,False,naive,1.0,0.0,0.0,0.0,0.25,32740,2265,12586,0,0,2,10,2,2026-01-19T21:17:14.503598
9fd9b39f,MRO,Accounting,False,hybrid,1.0,0.7639548108313018,0.7777777777777778,0.9999999999,0.8854,37755,2915,109460,55,116,10,152,10,2026-01-19T21:17:52.258202
9fd9b39f,MRO,Accounting,False,mix,0.9523809523809523,0.0,0.0,0.9999999999,0.4881,32811,2329,112449,55,124,10,157,10,2026-01-19T21:18:25.069531
c399ba47,MRO,Shareholder return,False,local,1.0,0.8678231946916789,0.8,0.9999999999,0.917,15288,2979,90519,60,93,10,30,10,2026-01-19T21:09:57.491444
c399ba47,MRO,Shareholder return,False,global,1.0,0.8379499109833163,1.0,0.9999999999,0.9595,20944,2590,73619,30,60,5,106,5,2026-01-19T21:10:18.435557
c399ba47,MRO,Shareholder return,False,naive,1.0,0.0,0.0,0.9999999999,0.5,17152,1246,5760,0,0,1,10,1,2026-01-19T21:10:35.587520
c399ba47,MRO,Shareholder return,False,hybrid,1.0,0.8641652528430961,0.5,0.9999999999,0.841,18428,2132,116363,39,151,10,138,10,2026-01-19T21:10:54.015986
c399ba47,MRO,Shareholder return,False,mix,0.9230769230769231,0.896977479046091,1.0,0.9999999999,0.955,22628,1967,119771,42,161,10,151,10,2026-01-19T21:11:16.643603
eed2fffd,MRO,Risk,False,local,0.9166666666666666,0.8978494351359511,0.42857142857142855,0.9999999999,0.8108,17361,2764,103242,60,105,10,44,10,2026-01-19T21:11:34.004104
eed2fffd,MRO,Risk,False,global,0.9594594594594594,0.7699787499560397,0.0,0.9999999999,0.6824,20684,2813,98823,57,60,10,146,10,2026-01-19T21:11:54.688319
eed2fffd,MRO,Risk,False,naive,1.0,0.0,0.0,0.0,0.25,4176,188,233,0,0,0,10,0,2026-01-19T21:11:58.863969
eed2fffd,MRO,Risk,False,hybrid,0.86,0.7981780305530046,0.8571428571428571,0.9999999999,0.8788,22031,2578,126553,74,162,10,149,10,2026-01-19T21:12:20.895209
eed2fffd,MRO,Risk,False,mix,0.918918918918919,0.7616468083862005,0.8571428571428571,0.9999999999,0.8844,21547,2214,121460,72,150,10,166,10,2026-01-19T21:12:42.442483
30418203,MSI,Legal,False,local,0.9047619047619048,0.7789226521390024,0.0,0.0,0.4209,15614,3250,115751,60,159,10,46,10,2026-01-19T21:00:49.919828
30418203,MSI,Legal,False,global,0.9649122807017544,0.7421771936877425,0.0,0.0,0.4268,16358,3218,102455,34,60,10,95,10,2026-01-19T21:01:06.277345
30418203,MSI,Legal,False,naive,0.8157894736842105,0.791573774805046,0.0,0.0,0.4018,14277,2378,36383,0,0,6,10,6,2026-01-19T21:01:20.553881
30418203,MSI,Legal,False,hybrid,1.0,0.7777977721032214,0.0,0.0,0.4444,20916,3438,129482,59,166,10,124,10,2026-01-19T21:01:41.469552
30418203,MSI,Legal,False,mix,0.8805970149253731,0.7348252019656302,0.0,0.0,0.4039,21095,3977,130691,56,165,10,128,10,2026-01-19T21:02:02.564448
38758f5a,MSI,Shareholder return,False,local,1.0,0.8545510362890356,1.0,0.9999999999,0.9636,16024,1160,109358,60,172,10,34,10,2026-01-19T20:54:21.255755
38758f5a,MSI,Shareholder return,False,global,0.875,0.8244136417534609,1.0,,0.8998,20983,1462,88087,21,60,8,69,7,2026-01-19T20:54:42.238568
38758f5a,MSI,Shareholder return,False,naive,0.8,0.0,0.0,0.0,0.2,41664,916,18062,0,0,3,10,2,2026-01-19T20:55:23.903041
38758f5a,MSI,Shareholder return,False,hybrid,1.0,0.7778615891990612,1.0,0.9999999999,0.9445,43032,1641,121499,35,165,10,114,10,2026-01-19T20:56:06.935124
38758f5a,MSI,Shareholder return,False,mix,1.0,0.7383829620866207,1.0,0.9999999999,0.9346,19828,1445,121499,35,165,10,117,10,2026-01-19T20:56:26.762701
49f441e1,MSI,Company overview,False,local,0.8421052631578947,0.6815859797428603,0.2857142857142857,0.0,0.4524,48922,3385,31582,60,85,0,48,0,2026-01-19T20:58:46.979478
49f441e1,MSI,Company overview,False,global,0.8518518518518519,0.6814286189764043,0.5714285714285714,0.0,0.5262,24574,2217,44836,46,60,0,123,0,2026-01-19T20:59:11.553953
49f441e1,MSI,Company overview,False,naive,0.3333333333333333,0.0,0.0,0.0,0.0833,4703,236,233,0,0,0,10,0,2026-01-19T20:59:16.257392
49f441e1,MSI,Company overview,False,hybrid,0.918918918918919,0.6959695027344147,0.42857142857142855,0.9999999999,0.7609,36725,2370,56617,63,117,0,168,0,2026-01-19T20:59:52.982298
49f441e1,MSI,Company overview,False,mix,0.04,0.7903035346414976,0.5714285714285714,0.9999999999,0.6004,41323,2867,56617,63,117,0,170,0,2026-01-19T21:00:34.305616
7fd59fe6,MSI,Risk,False,local,0.8205128205128205,0.6481830654617585,0.5,0.9999999999,0.7422,19638,2554,81479,60,102,6,41,2,2026-01-19T20:56:46.400737
7fd59fe6,MSI,Risk,False,global,0.9,0.7101734192150227,0.5,0.9999999999,0.7775,19366,3903,87172,38,60,6,99,2,2026-01-19T20:57:05.767102
7fd59fe6,MSI,Risk,False,naive,0.12195121951219512,0.7349790874807853,0.5,0.9999999999,0.5892,10660,2639,21511,0,0,3,10,1,2026-01-19T20:57:16.426893
7fd59fe6,MSI,Risk,False,hybrid,0.8909090909090909,0.7292170047751041,0.5,0.9999999999,0.78,18679,2798,106658,54,142,6,146,2,2026-01-19T20:57:35.105732
7fd59fe6,MSI,Risk,False,mix,0.9230769230769231,0.6860975673355406,0.5,0.9999999999,0.7773,22952,3016,106658,54,142,6,146,2,2026-01-19T20:57:58.057589
8271ad85,MSI,Company overview,True,local,1.0,0.6549807679992005,0.6666666666666666,0.9999999999,0.8304,16783,2569,115918,60,160,10,42,10,2026-01-19T20:52:52.206129
8271ad85,MSI,Company overview,True,global,0.975609756097561,0.7085258063120655,0.6666666666666666,0.9999999999,0.8377,16744,2607,104294,39,60,10,106,10,2026-01-19T20:53:08.949952
8271ad85,MSI,Company overview,True,naive,1.0,0.7256661473237803,0.6666666666666666,0.9999999999,0.8481,13289,3041,39734,0,0,6,10,6,2026-01-19T20:53:22.238901
8271ad85,MSI,Company overview,True,hybrid,1.0,0.7615063679814541,1.0,0.9999999999,0.9404,21270,3058,116764,70,128,10,170,10,2026-01-19T20:53:43.508993
8271ad85,MSI,Company overview,True,mix,1.0,0.6978137340821592,1.0,0.9999999999,0.9245,21723,2110,115911,69,124,10,171,10,2026-01-19T20:54:05.232048
ab124c52,MSI,Footnotes,False,local,0.90625,0.7897022932984527,0.0,0.0,0.424,27369,2001,85176,60,65,10,19,10,2026-01-19T21:04:02.047296
ab124c52,MSI,Footnotes,False,global,0.9705882352941176,0.7850786606535736,0.0,0.0,0.4389,15851,2083,99891,39,60,10,112,10,2026-01-19T21:04:17.898031
ab124c52,MSI,Footnotes,False,naive,0.9655172413793104,0.0,0.0,0.0,0.2414,22251,2510,12623,0,0,2,10,2,2026-01-19T21:04:40.149270
ab124c52,MSI,Footnotes,False,hybrid,0.875,0.7995946223008036,0.0,0.0,0.4186,21656,2624,111474,56,118,10,152,10,2026-01-19T21:05:01.805371
ab124c52,MSI,Footnotes,False,mix,0.9302325581395349,0.7430231586231115,0.0,0.0,0.4183,71042,3004,112309,54,118,10,146,10,2026-01-19T21:06:12.846953
d20600e5,MSI,Accounting,False,local,0.9230769230769231,0.6108560339783936,0.0,0.9999999999,0.6335,24122,2057,111713,60,162,10,51,10,2026-01-19T21:02:26.686058
d20600e5,MSI,Accounting,False,global,1.0,0.7861114025929159,0.6,0.9999999999,0.8465,19315,2159,99530,33,60,10,100,10,2026-01-19T21:02:46.000720
d20600e5,MSI,Accounting,False,naive,0.9,0.0,0.0,0.0,0.225,10009,834,36911,0,0,6,10,6,2026-01-19T21:02:56.009731
d20600e5,MSI,Accounting,False,hybrid,1.0,0.817386326479617,1.0,0.9999999999,0.9543,15158,2216,122369,52,167,10,97,10,2026-01-19T21:03:11.167574
d20600e5,MSI,Accounting,False,mix,0.8235294117647058,0.7524595099952198,0.2,0.9999999999,0.694,23511,2127,121990,51,167,10,95,10,2026-01-19T21:03:34.678151
383d8d29,ROP,Company overview,True,local,1.0,0.0,0.0,0.0,0.25,52382,907,14398,60,26,0,19,0,2026-01-19T20:13:32.408261
383d8d29,ROP,Company overview,True,global,0.9,0.5837130151027838,0.0,0.0,0.3709,29659,3178,40529,41,60,0,113,0,2026-01-19T20:14:02.067024
383d8d29,ROP,Company overview,True,naive,0.6,0.0,0.0,0.0,0.15,18506,245,233,0,0,0,10,0,2026-01-19T20:14:20.573068
383d8d29,ROP,Company overview,True,hybrid,0.8,0.0,0.0,0.0,0.2,72551,1979,44033,59,86,0,133,0,2026-01-19T20:15:33.123626
383d8d29,ROP,Company overview,True,mix,0.9333333333333333,0.0,0.0,0.0,0.2333,67596,1182,44682,66,86,0,129,0,2026-01-19T20:16:40.719646
3eec923a,ROP,Governance,False,local,1.0,0.8250054202856014,0.75,0.9999999999,0.8938,24149,2774,105861,60,181,10,51,10,2026-01-19T20:26:10.577553
3eec923a,ROP,Governance,False,global,0.9310344827586207,0.9151479251725672,0.0,0.9999999999,0.7115,23430,1821,57609,37,60,2,112,2,2026-01-19T20:26:34.007730
3eec923a,ROP,Governance,False,naive,1.0,0.8260262770408177,0.6,0.9999999999,0.8565,9822,2446,19155,0,0,3,10,3,2026-01-19T20:26:43.829854
3eec923a,ROP,Governance,False,hybrid,0.9591836734693877,0.8041632840126137,0.875,0.9999999999,0.9096,22977,2864,121543,60,156,10,179,10,2026-01-19T20:27:06.806538
3eec923a,ROP,Governance,False,mix,0.9830508474576272,0.8235573973243854,1.0,0.9999999999,0.9517,28884,3509,118105,62,145,10,179,10,2026-01-19T20:27:35.690606
44063ab3,ROP,Shareholder return,False,local,0.9411764705882353,0.9320614220200287,0.0,0.9999999999,0.7183,36660,1403,81213,60,89,10,27,10,2026-01-19T20:19:15.322078
44063ab3,ROP,Shareholder return,False,global,0.5555555555555556,0.9046875879175561,0.0,0.0,0.3651,38046,2298,93745,29,60,10,96,5,2026-01-19T20:19:53.368138
44063ab3,ROP,Shareholder return,False,naive,0.7647058823529411,0.0,0.0,0.0,0.1912,49889,1110,33206,0,0,6,10,1,2026-01-19T20:20:43.256907
44063ab3,ROP,Shareholder return,False,hybrid,1.0,0.8751260609163246,0.0,0.0,0.4688,28781,2244,107287,37,148,10,122,10,2026-01-19T20:21:12.037465
44063ab3,ROP,Shareholder return,False,mix,0.92,0.8914613543068128,0.0,0.0,0.4529,50555,1978,107287,37,148,10,126,10,2026-01-19T20:22:02.592625
642d3af4,ROP,Legal,False,local,1.0,0.7907983529891074,0.8333333333333334,0.9999999999,0.906,29308,1652,58189,60,113,3,46,3,2026-01-19T20:24:17.106249
642d3af4,ROP,Legal,False,global,0.9230769230769231,0.8508987324453333,0.8888888888888888,0.0,0.6657,26974,1614,56512,40,60,2,113,2,2026-01-19T20:24:44.080555
642d3af4,ROP,Legal,False,naive,1.0,0.7570803890267318,0.08333333333333333,0.0,0.4601,9664,1598,6313,0,0,1,10,1,2026-01-19T20:24:53.744251
642d3af4,ROP,Legal,False,hybrid,0.96875,0.7862266495820532,0.5,0.9999999999,0.8137,27987,2399,85196,59,161,4,160,4,2026-01-19T20:25:21.731712
642d3af4,ROP,Legal,False,mix,1.0,0.7933446533748865,0.4166666666666667,0.9999999999,0.8025,24697,2307,89135,55,170,4,161,4,2026-01-19T20:25:46.428552
7b84589a,ROP,Footnotes,False,local,0.972972972972973,0.6980626992788808,0.2222222222222222,0.9999999999,0.7233,19033,2692,69783,60,74,7,45,7,2026-01-19T20:16:59.752594
7b84589a,ROP,Footnotes,False,global,0.9761904761904762,0.7854355822108309,0.5555555555555556,0.9999999999,0.8293,25684,2560,99030,41,60,10,117,10,2026-01-19T20:17:25.437004
7b84589a,ROP,Footnotes,False,naive,0.9574468085106383,0.6993552527307632,0.3333333333333333,0.9999999999,0.7475,10231,2849,11102,0,0,2,10,2,2026-01-19T20:17:35.668268
7b84589a,ROP,Footnotes,False,hybrid,1.0,0.7494298602129691,0.3333333333333333,0.9999999999,0.7707,28762,2916,109938,51,126,10,128,10,2026-01-19T20:18:04.430269
7b84589a,ROP,Footnotes,False,mix,1.0,0.8004068377848119,0.2222222222222222,0.9999999999,0.7557,34232,2879,115615,65,163,10,133,10,2026-01-19T20:18:38.661937
bba13757,ROP,Company overview,False,local,1.0,0.7974376012557226,0.5,0.0,0.5744,20026,2301,36972,60,85,1,39,1,2026-01-19T20:22:22.619124
bba13757,ROP,Company overview,False,global,1.0,0.762264938359718,0.0,0.0,0.4406,24032,2533,97598,43,60,10,115,10,2026-01-19T20:22:46.651050
bba13757,ROP,Company overview,False,naive,1.0,0.0,1.0,0.0,0.5,7895,948,18376,0,0,3,10,3,2026-01-19T20:22:54.546537
bba13757,ROP,Company overview,False,hybrid,0.975609756097561,0.7874598990047236,0.0,0.0,0.4408,30886,2942,108670,52,134,10,152,10,2026-01-19T20:23:25.432462
bba13757,ROP,Company overview,False,mix,0.8780487804878049,0.8056260908302314,0.5,0.0,0.5459,22366,2264,111911,53,148,10,154,10,2026-01-19T20:23:47.798419
74189809,VRSK,Company overview,False,local,0.9565217391304348,0.7806366027901568,1.0,0.9999999999,0.9343,32481,3916,112645,60,188,10,42,10,2026-01-19T19:45:05.894267
74189809,VRSK,Company overview,False,global,0.9285714285714286,0.7466263084814874,0.7,0.9999999999,0.8438,39476,2926,68448,36,60,4,115,4,2026-01-19T19:45:45.370294
74189809,VRSK,Company overview,False,naive,0.8780487804878049,0.8065020394288989,0.7777777777777778,0.9999999999,0.8656,9508,2604,6974,0,0,1,10,1,2026-01-19T19:45:54.878226
74189809,VRSK,Company overview,False,hybrid,0.9361702127659575,0.8153335958790141,1.0,0.9999999999,0.9379,40599,3072,122171,57,190,10,151,10,2026-01-19T19:46:35.477210
74189809,VRSK,Company overview,False,mix,1.0,0.812589992802551,1.0,0.9999999999,0.9531,44345,3675,123385,51,191,10,153,10,2026-01-19T19:47:19.821884
95e8ffed,VRSK,Risk,False,local,1.0,0.8258633534087063,0.125,0.9999999999,0.7377,25928,2205,106171,60,187,10,49,10,2026-01-19T19:42:17.960456
95e8ffed,VRSK,Risk,False,global,0.9285714285714286,0.8734759832427713,0.3333333333333333,0.9999999999,0.7838,28083,2467,117728,38,60,10,100,3,2026-01-19T19:42:46.043568
95e8ffed,VRSK,Risk,False,naive,0.9375,0.0,0.75,0.9999999999,0.6719,30641,1809,27510,0,0,4,10,1,2026-01-19T19:43:16.684501
95e8ffed,VRSK,Risk,False,hybrid,0.9259259259259259,0.8875017061177802,0.75,0.9999999999,0.8909,33115,3342,126938,53,186,10,134,9,2026-01-19T19:43:49.799109
95e8ffed,VRSK,Risk,False,mix,1.0,0.0,0.75,0.9999999999,0.6875,43614,3278,126361,53,187,10,137,9,2026-01-19T19:44:33.413563
a2aef1d1,VRSK,Footnotes,False,local,1.0,0.8338324113952448,0.3333333333333333,0.9999999999,0.7918,24406,2896,106864,60,188,10,34,10,2026-01-19T19:39:41.944329
a2aef1d1,VRSK,Footnotes,False,global,1.0,0.857056058185225,0.0,0.0,0.4643,38666,1907,43228,43,60,0,123,0,2026-01-19T19:40:20.610518
a2aef1d1,VRSK,Footnotes,False,naive,1.0,0.0,0.0,0.0,0.25,6376,200,233,0,0,0,10,0,2026-01-19T19:40:26.986229
a2aef1d1,VRSK,Footnotes,False,hybrid,0.967741935483871,0.8850819219773362,0.75,0.9999999999,0.9007,43195,2771,121265,59,191,10,135,10,2026-01-19T19:41:10.181136
a2aef1d1,VRSK,Footnotes,False,mix,0.9302325581395349,0.8356649347502,0.8333333333333334,0.9999999999,0.8998,41851,2835,121313,56,191,10,161,10,2026-01-19T19:41:52.032054
a97d9785,VRSK,Financials,False,local,0.9655172413793104,0.8173198724126677,0.0,0.9999999999,0.6957,38874,2031,101636,60,188,10,27,10,2026-01-19T19:50:01.469666
a97d9785,VRSK,Financials,False,global,0.56,0.8597611074159962,0.6,0.9999999999,0.7549,47031,2066,41849,37,60,0,106,0,2026-01-19T19:50:48.501050
a97d9785,VRSK,Financials,False,naive,1.0,0.0,0.0,0.0,0.25,6119,257,233,0,0,0,10,0,2026-01-19T19:50:54.620217
a97d9785,VRSK,Financials,False,hybrid,0.9782608695652174,0.851468919394339,0.5,0.9999999999,0.8324,33769,2490,116862,56,190,10,153,10,2026-01-19T19:51:28.389614
a97d9785,VRSK,Financials,False,mix,0.9761904761904762,0.8452681232760297,0.6,0.9999999999,0.8554,43262,2713,116862,56,190,10,158,10,2026-01-19T19:52:11.651336
b17a4e4a,VRSK,Governance,False,local,1.0,0.7395848580980283,0.0,0.0,0.4349,37139,1249,112275,60,184,10,39,7,2026-01-19T19:52:48.789921
b17a4e4a,VRSK,Governance,False,global,1.0,0.0,0.0,0.0,0.25,68616,1575,101064,20,60,10,75,5,2026-01-19T19:53:57.406349
b17a4e4a,VRSK,Governance,False,naive,0.6923076923076923,0.0,0.0,0.0,0.1731,6671,707,11297,0,0,2,10,2,2026-01-19T19:54:04.077755
b17a4e4a,VRSK,Governance,False,hybrid,0.875,0.0,0.0,0.0,0.2188,60514,1227,123168,31,179,10,108,7,2026-01-19T19:55:04.592033
b17a4e4a,VRSK,Governance,False,mix,1.0,0.7451659798211644,0.0,0.0,0.4363,64274,1691,122312,27,173,10,98,7,2026-01-19T19:56:08.866195
c6cb8e43,VRSK,Governance,False,local,1.0,0.8738558086550023,1.0,0.9999999999,0.9685,22369,2585,108613,60,188,10,39,10,2026-01-19T19:47:42.191255
c6cb8e43,VRSK,Governance,False,global,0.9534883720930233,0.8672188843134295,1.0,0.9999999999,0.9552,28823,2335,99533,53,60,10,145,10,2026-01-19T19:48:11.014536
c6cb8e43,VRSK,Governance,False,naive,1.0,0.8447560962518673,1.0,0.9999999999,0.9612,8841,1132,6974,0,0,1,10,1,2026-01-19T19:48:19.855390
c6cb8e43,VRSK,Governance,False,hybrid,1.0,0.89389851425284,1.0,0.9999999999,0.9735,31863,2583,122668,66,192,10,140,10,2026-01-19T19:48:51.718706
c6cb8e43,VRSK,Governance,False,mix,0.9772727272727273,0.8796348153157872,1.0,0.9999999999,0.9642,30877,2295,122484,69,191,10,143,10,2026-01-19T19:49:22.595520
