source,scored_at,question_id,mode,status,faithfulness_pilot,faithfulness_final,answer_relevancy_pilot,answer_relevancy_final,context_recall_pilot,context_recall_final,context_precision_pilot,context_precision_final,ragas_score_pilot,ragas_score_final
pilot_batch,2026-01-19T21:57:32.575576,008beea7,local,success,1.0,1.0,0.7600657858675227,0.7600657858675227,0.2222222222222222,0.3684210526315789,0.9999999999,0.9999999999,0.7456,0.7821
pilot_batch,,008beea7,global,timeout,,0.9615384615384616,,0.0,,0.8888888888888888,,0.0,,0.4626
pilot_batch,2026-01-19T21:57:20.288114,008beea7,naive,success,1.0,1.0,0.0,0.0,0.1111111111111111,0.1111111111111111,0.0,0.0,0.2778,0.2778
pilot_batch,2026-01-19T21:58:01.863061,008beea7,hybrid,success,1.0,0.8148148148148148,0.0,0.0,1.0,0.16666666666666666,0.9999999999,0.9999999999,0.75,0.4954
pilot_batch,2026-01-19T21:57:34.421544,008beea7,mix,success,0.7894736842105263,0.8260869565217391,0.8120846727184775,0.8120846727184775,1.0,0.7777777777777778,0.9999999999,0.0,0.9004,0.604
pilot_batch,2026-01-19T21:59:21.140246,0d0d16d0,local,success,0.875,0.9743589743589743,0.7328050821182236,0.7339103971963796,0.0,0.0,0.9999999999,0.9999999999,0.652,0.6771
pilot_batch,2026-01-19T21:59:13.160661,0d0d16d0,global,success,0.9333333333333333,1.0,0.0,0.0,0.4230769230769231,0.14814814814814814,0.9999999999,0.9999999999,0.5891,0.537
pilot_batch,2026-01-19T21:59:12.281157,0d0d16d0,naive,success,1.0,1.0,0.0,0.0,0.0,0.0,0.0,0.0,0.25,0.25
pilot_batch,2026-01-19T21:59:50.203114,0d0d16d0,hybrid,success,,0.9310344827586207,0.7637421351882,0.7334603209294145,0.0,0.0,0.9999999999,0.9999999999,0.5879,0.6661
pilot_batch,2026-01-19T21:59:34.330853,0d0d16d0,mix,success,0.8541666666666666,0.9555555555555556,0.7152541457459809,0.7162701219803497,0.0,0.0,0.9999999999,0.9999999999,0.6424,0.668
pilot_batch,,0ed7397a,local,timeout,,1.0,,0.8133889949047249,,0.6,,0.9999999999,,0.8533
pilot_batch,2026-01-19T22:00:34.299190,0ed7397a,global,success,1.0,0.9830508474576272,0.7485358331498119,0.7548635792484019,0.8,0.8,0.9999999999,0.9999999999,0.8871,0.8845
pilot_batch,2026-01-19T22:00:31.266257,0ed7397a,naive,success,1.0,1.0,0.7502408949059157,0.7502408949059157,1.0,1.0,0.9999999999,0.9999999999,0.9376,0.9376
pilot_batch,,0ed7397a,hybrid,timeout,,1.0,,0.7760639854340671,,1.0,,0.9999999999,,0.944
pilot_batch,2026-01-19T22:00:54.470452,0ed7397a,mix,success,1.0,0.9487179487179487,0.7353013598514396,0.7665643796202039,1.0,1.0,0.9999999999,0.9999999999,0.9338,0.9288
single_file_test,2026-01-19T21:40:53.885899,f3a3d09b,local,success,1.0,1.0,0.847126534669184,0.8311880280687323,1.0,1.0,0.9999999999,0.9999999999,0.9618,0.9578
single_file_test,2026-01-19T21:41:36.461959,f3a3d09b,global,success,1.0,1.0,0.811427801724648,0.7822081681290175,1.0,0.6363636363636364,0.9999999999,0.9999999999,0.9529,0.8546
single_file_test,2026-01-19T21:42:18.000344,f3a3d09b,naive,success,1.0,0.9761904761904762,0.7757560899780273,0.7751373998332992,1.0,1.0,0.9999999999,0.9999999999,0.9439,0.9378
single_file_test,2026-01-19T21:43:02.270706,f3a3d09b,hybrid,success,1.0,1.0,0.6995332765700977,0.6964907416261488,1.0,1.0,0.9999999999,0.9999999999,0.9249,0.9241
single_file_test,2026-01-19T21:44:09.854961,f3a3d09b,mix,success,1.0,1.0,0.7427478348415718,0.6702577563051695,1.0,1.0,0.9999999999,0.9999999999,0.9357,0.9176
