question_id,mode,success,response_time,input_tokens,output_tokens,total_tokens,context_length,prompt_length,timestamp,note
a97d9785,local,True,26.45621919631958,25546,410,27735,101636,101891,2026-01-20T20:33:30.536924,
a97d9785,global,True,18.894127368927002,8699,209,9420,41849,42104,2026-01-20T20:33:49.931181,
a97d9785,naive,True,2.1209468841552734,109,39,285,233,488,2026-01-20T20:33:52.552236,
a97d9785,hybrid,True,30.322022199630737,28222,624,29922,116862,117117,2026-01-20T20:34:23.374377,
a97d9785,mix,True,26.63850426673889,28222,381,29362,116862,117117,2026-01-20T20:34:50.513001,
2b9ff3ae,local,True,28.373597860336304,26605,752,28728,108109,108375,2026-01-20T20:35:19.386744,
2b9ff3ae,global,True,30.526827335357666,18211,662,20559,79299,79565,2026-01-20T20:35:50.413689,
2b9ff3ae,naive,True,5.336549282073975,1421,198,2103,6764,7030,2026-01-20T20:35:56.250343,
2b9ff3ae,hybrid,True,28.991499662399292,26507,679,28362,109869,110135,2026-01-20T20:36:25.741963,
2b9ff3ae,mix,True,33.143282651901245,28132,562,30223,118483,118749,2026-01-20T20:36:59.385391,
df27b7cc,local,True,22.89350175857544,25844,133,26406,101037,101277,2026-01-20T20:37:22.779103,
df27b7cc,global,True,24.58919596672058,18978,230,19866,87810,88050,2026-01-20T20:37:47.868474,
df27b7cc,naive,True,10.470714330673218,2807,148,4153,10510,10750,2026-01-20T20:37:58.839248,
df27b7cc,hybrid,True,23.344138145446777,27926,180,28783,117807,118047,2026-01-20T20:38:22.683515,
df27b7cc,mix,True,23.666187047958374,27772,179,28431,117643,117883,2026-01-20T20:38:46.849823,
7fd59fe6,local,True,32.88302993774414,15213,603,16693,81479,81745,2026-01-20T20:39:20.232997,
7fd59fe6,global,True,31.24359917640686,15847,544,17281,87172,87438,2026-01-20T20:39:51.976712,
7fd59fe6,naive,True,10.455318450927734,3993,466,5315,21511,21777,2026-01-20T20:40:02.932164,
7fd59fe6,hybrid,True,27.25169324874878,19821,621,21412,106658,106924,2026-01-20T20:40:30.684004,
7fd59fe6,mix,True,31.141746759414673,19821,505,21298,106658,106924,2026-01-20T20:41:02.325880,
f2396b30,local,True,32.371281147003174,23104,556,24969,89125,89361,2026-01-20T20:41:35.197327,
f2396b30,global,True,29.400346279144287,18973,528,20582,85498,85734,2026-01-20T20:42:05.097796,
f2396b30,naive,True,9.433152437210083,2816,412,4162,11877,12113,2026-01-20T20:42:15.031055,
f2396b30,hybrid,True,31.44892644882202,28387,428,29776,122048,122284,2026-01-20T20:42:46.980115,
f2396b30,mix,True,32.782350301742554,26755,564,28269,114144,114380,2026-01-20T20:43:20.262593,
d5641244,local,True,26.184602975845337,25000,592,26199,109293,109506,2026-01-20T20:43:46.947407,
d5641244,global,True,25.038050174713135,14781,584,16065,73330,73543,2026-01-20T20:44:12.485579,
d5641244,naive,True,9.023641109466553,3990,535,5279,18475,18688,2026-01-20T20:44:22.009329,
d5641244,hybrid,True,29.809828281402588,27276,648,29019,125879,126092,2026-01-20T20:44:52.319419,
d5641244,mix,True,26.533743381500244,26908,683,28358,123439,123652,2026-01-20T20:45:19.353333,
7b84589a,local,True,32.67864394187927,15160,641,17301,69783,70020,2026-01-20T20:45:52.532151,
7b84589a,global,True,59.788667392730716,22065,450,85425,99030,99267,2026-01-20T20:51:48.520615,"response_time here equals the mode mean; the run's statistics block implies 355.5 s for this call, matching the gap since the previous call"
7b84589a,naive,True,11.201583623886108,2806,685,4494,11102,11339,2026-01-20T20:52:00.222303,
7b84589a,hybrid,True,30.21151041984558,25142,742,26979,109938,110175,2026-01-20T20:52:30.933992,
7b84589a,mix,True,31.69803524017334,26972,696,30373,115615,115852,2026-01-20T20:53:03.132163,
a26c0c76,local,True,28.33129596710205,25421,716,27168,109976,110202,2026-01-20T20:53:31.963674,
a26c0c76,global,True,28.48689317703247,21689,721,23543,100214,100440,2026-01-20T20:54:00.950697,
a26c0c76,naive,True,10.185251712799072,6393,523,7874,29187,29413,2026-01-20T20:54:11.636064,
a26c0c76,hybrid,True,30.628230810165405,26677,775,28439,117038,117264,2026-01-20T20:54:42.764475,
a26c0c76,mix,True,28.075581550598145,26859,828,28680,120330,120556,2026-01-20T20:55:11.340192,
38758f5a,local,True,22.949485778808594,25262,238,26225,109358,109609,2026-01-20T20:55:34.789867,
38758f5a,global,True,22.02805233001709,20620,218,21908,88087,88338,2026-01-20T20:55:57.318032,
38758f5a,naive,True,13.632271528244019,4159,152,6285,18062,18313,2026-01-20T20:56:11.450528,
38758f5a,hybrid,True,63.197774171829224,27866,327,35039,121499,121750,2026-01-20T20:57:15.148432,
38758f5a,mix,True,61.88794574737549,27866,315,91094,121499,121750,2026-01-20T21:03:17.999951,"response_time here equals the mode mean; the run's statistics block implies 362.4 s for this call, matching the gap since the previous call"
3f515a80,local,True,26.39461326599121,24435,791,26179,113733,114025,2026-01-20T21:03:44.894783,
3f515a80,global,True,32.19123673439026,12062,673,13935,64183,64475,2026-01-20T21:04:17.586264,
3f515a80,naive,True,10.637718915939331,1371,583,2708,6586,6878,2026-01-20T21:04:28.724209,
3f515a80,hybrid,True,25.50922656059265,26929,736,28470,130420,130712,2026-01-20T21:04:54.733682,
3f515a80,mix,True,22.84871196746826,26929,696,28526,130420,130712,2026-01-20T21:05:18.082684,
