original_query,finder_ground_truth_answer,finder_ground_truth_context_chars,lightrag_generated_answer
Delta in CBOE Data & Access Solutions rev from 2021-23.,"The Data and Access Solutions revenue increased by $111.5 million from 2021 to 2023, calculated as 539.2 million minus 427.7 million.",2382,Error: Unable to generate response.
CBOE CBA expiring may impact union representation expenses.,"The three building engineers represent approximately 0.18% of the total workforce (calculated as 3 ÷ 1,647 × 100 ≈ 0.18%). Although this is a very small portion of overall employees, the impending expiration of their collective bargaining agreement (set to expire on March 31, 2024) is noteworthy for future expense planning. When the contract expires, there could be negotiations for new terms, which might include higher wages, enhanced benefits, or changes in other employment conditions. Such changes, though impacting only a small group, could lead to an increase in labor costs. Therefore, management should consider potential adjustments in their budgeting and forecasting process to account for any cost increases resulting from contract renegotiations.",932,Error: Unable to generate response.
Cboe's earnings impact from market data vs reg fees analysis for ticker.,"The data provided shows that Cboe Global Markets earns revenue from both market data fees and regulatory fees, indicating a degree of revenue diversification. Specifically, market data fees total $293.7 million, while regulatory fees total $223.7 million. This suggests that while market data fees are likely driven by a combination of product offerings and geographic diversity—given the breakdown across regions and products—the revenue from regulatory fees is largely determined by the regulatory environment, which means that any changes in regulatory policy or increased regulatory costs could have a direct impact on earnings. In other words:

1. Diversification of Revenue Streams: The presence of multiple fee types implies that Cboe is not solely dependent on trading or transaction-based revenues. Market data fees, which come from diverse sources and reflect a broader engagement with clients, provide a more stable and potentially growing revenue stream.

2. Regulatory Impact: Regulatory fees, while making up a slightly smaller component, indicate that part of the revenue is tied to compliance and regulatory requirements. This revenue line might be less controllable by company management and more susceptible to changes in the regulatory landscape. For example, if regulatory changes lead to higher fees or adjustments in how fees are calculated, it could impact overall margins. Conversely, a stable or supportive regulatory framework might provide a predictable revenue stream.

Overall, the company benefits from having multiple sources of revenue, insulating it from risks associated with any single source. However, it remains exposed to regulatory shifts that could impact the fee revenue structure.",1157,Error: Unable to generate response.
Cboe’s repurchase costs & the impact of its authorization on cap alloc.,"The available data on share repurchase activity allows us to assess its implications on capital allocation and overall financial health. First, the cost to repurchase shares—in 2023, 661,721 shares were repurchased at an average cost of $126.80 per share for a total expenditure of $83.9 million, while overall since inception the average repurchase price was lower at $72.21 per share (with a total outlay of $1.4 billion)—demonstrates that the company has been active in using excess cash to buy back shares. This activity can reduce the total number of outstanding shares, which may enhance earnings per share (EPS) and return of capital to shareholders. However, repurchase activity also directly affects available liquidity as it consumes cash resources.

Furthermore, the remaining authorization of $384.0 million under the repurchase program signals that the company still has considerable flexibility in managing its capital allocation. This remaining authorization can provide a safety net or opportunity to further optimize capital structure if market conditions are favorable or if there is a need to offset dilution from other activities (like employee stock compensation). In summary, while share repurchases can boost shareholder value and indicate confidence by management, they must be balanced against the need to maintain adequate cash reserves for operational and strategic objectives. As such, these repurchase costs and the remaining authorization reflect a deliberate capital allocation strategy that supports shareholder returns while also preserving financial flexibility, contributing positively to the overall financial health when managed appropriately.",1042,Error: Unable to generate response.
"Cboe's operational stability, governance in cybersecurity, and financial health.","Cboe Global Markets Inc.'s multi-layered cybersecurity governance framework plays a critical role in promoting operational stability, which in turn supports its overall financial health. The framework achieves this through several key mechanisms:

1. Risk Mitigation: The implementation of comprehensive policies, procedures, and controls—including regular cybersecurity training, third-party assessments, and incident response protocols—reduces the likelihood and impact of cybersecurity breaches. This safeguards the integrity, confidentiality, and availability of systems and data, preventing costly disruptions and potential financial losses.

2. Continuous Monitoring and Oversight: With dedicated cybersecurity and risk management teams (including a Chief Information Security Officer and Chief Risk Officer) and regular reviews by internal audit and the Board’s Risk Committee, the company is positioned to promptly detect and remediate vulnerabilities. This continuous monitoring minimizes operational interruptions that could adversely affect trading activities and revenue generation.

3. Vendor and Third-Party Risk Management: The framework includes rigorous assessments of high-risk vendors, ensuring that external service providers also adhere to high cybersecurity standards. This broader risk management approach prevents third-party failures from compromising critical systems, reinforcing overall operational reliability.

4. Regulatory Compliance and Stakeholder Trust: Adhering to best practices and industry standards helps maintain compliance with regulatory requirements. This not only shields the firm from legal and regulatory penalties but also bolsters investor and client confidence, which is essential for maintaining market presence and financial stability.

5. Proactive Incident Response: The existence of a dedicated incident response team and regular vulnerability management activities means that any cybersecurity incidents are swiftly managed, limiting operational interruptions and reducing potential financial damage.

Though no direct numerical calculations are provided, these qualitative assessments illustrate how the cybersecurity governance framework fundamentally contributes to reducing risks, ensuring stable operations, and thereby supporting the financial health of Cboe Global Markets Inc. by protecting revenue streams, minimizing unexpected expenditure, and maintaining market reputation.",6059,Error: Unable to generate response.
"Fee model of Cboe incentivizes order flow liquidity for increased mkt share & profit, ticker.","The provided text indicates that Cboe Global Markets uses its fee scheduling and pricing model as a strategic tool to attract order flow and provide incentives for liquidity providers. Specifically, by offering competitive fee structures, Cboe can lower transaction costs for liquidity providers while offering rebates or fee reductions that encourage market making. This, in turn, helps create deep and liquid markets, which attract a higher volume of order flow. The resulting increase in market depth enhances execution quality and extends Cboe’s competitive advantages relative to other exchanges. Although the reference does not provide specific quantitative metrics or detailed financial results, the mechanism implies that these strategies not only capture greater market share (due to enhanced liquidity and order flow) but also drive profitability by increasing overall trading volumes, earning network effects, and achieving economies of scale. Thus, the dual focus on attracting order flow and incentivizing liquidity is foundational to boosting the firm’s market share, which eventually translates into improved profitability in a highly competitive environment.",1309,Error: Unable to generate response.
Cboe's legal proceedings and loss accrual criteria disclosures.,"Cboe Global Markets Inc. categorizes its legal proceedings and claims on the basis of their probability and estimability. The company distinguishes between unresolved legal matters that are part of its ordinary business operations and those where the outcome is inherently uncertain. Specifically, the company discloses:

1. A detailed discussion of all legal proceedings and claims, including various regulatory reviews, inspections, and other legal matters.

2. For each matter, an evaluation is made to determine the likelihood of an adverse outcome and whether a loss should be recognized. The criteria used are:
   • A loss is accrued if it is both probable (likely to occur) and the amount of the loss can be reasonably estimated.
   • If the loss is probable but cannot be reasonably estimated, or if the risk is deemed only reasonably possible (or remote), no accrual is made. Instead, the company discloses the nature of the contingency and the potential loss amount if it is reasonably possible that a loss in excess of the accrued amount could occur.

This structured approach ensures that all significant legal matters are appropriately reflected in the financial disclosures, thereby preventing any misleading presentation in the consolidated financial statements.",1871,Error: Unable to generate response.
Catherine R. Clay's role transition in innovation derivatives at Cboe Global Markets Inc. (CBOE) showcases its competitiveness.,"Catherine R. Clay’s career progression reflects a strategic emphasis on innovation and leveraging advanced technology to maintain a competitive edge in the derivatives market. By transitioning from the role of Global Head of Data and Access Solutions—where she honed skills in leveraging data-driven insights and optimizing access to information—to her current position as Global Head of Derivatives, the company signals a commitment to integrating sophisticated technological and data capabilities into its derivatives products. This move suggests that the company values a deep understanding of data and technology as key drivers for developing innovative derivative instruments, improving risk management, and enhancing execution strategies. In essence, her background indicates that the firm is positioning itself to capitalize on emerging trends in market data analytics and digital transformation, thereby reinforcing its competitive positioning in the derivatives space.",8380,Error: Unable to generate response.
"Impact of proactive regulatory engagement on competitive positioning and future growth, CBOE.","Cboe Global Markets Inc.'s proactive engagement with policymakers and its comprehensive regulatory program serve several strategic functions that bolster its competitive positioning and support future growth:

1. **Industry Leadership and Policy Influence**: By actively engaging policymakers, the company not only stays ahead of regulatory changes but also helps shape a regulatory environment that promotes fairness and transparency. This proactive approach reduces regulatory uncertainty and ensures that market rules are designed in ways that can favor an industry leader.

2. **Enhanced Market Trust and Integrity**: The Company’s commitment to transparency and the efficient operation of capital markets builds credibility among investors, customers, and other market participants. This trust is critical for attracting capital and sustaining long-term business relationships, which in turn aids in growth.

3. **Risk Mitigation and Competitive Advantage**: Engaging with regulators and advocating for policies that promote market integrity helps in mitigating potential regulatory and operational risks. By having a seat at the policymaking table, Cboe can anticipate and adapt to changes faster than competitors, thereby consolidating its market leadership.

4. **Alignment with Broader ESG and Corporate Governance Goals**: The initiatives underscored in its corporate social responsibility strategy—including promoting transparency, diversity, and strong governance—enhance the company’s reputation. This reputation not only wins favor with stakeholders but can also translate into operational efficiencies and increased investor confidence.

In summary, Cboe Global Markets Inc.'s active role in shaping regulatory frameworks reinforces its market position, ensures operational stability, and creates a favorable environment for sustained growth and competitive differentiation.",2316,Error: Unable to generate response.
Impact of fee recognition rev volatility on Cboe Global Markets.,"The provided data indicates that Cboe recognizes transaction and clearing fees on a monthly basis and adjusts for tiered volume discounts monthly as well. This monthly revenue recognition process has a dual impact on the volatility and predictability of revenue across the Company’s segments:

1. Predictability: Because fees (and any applicable discounts) are calculated and billed monthly according to published fee schedules, revenue is recorded in consistent, discrete time periods. This regular recognition ensures that changes in trading activity—as opposed to delayed or quarterly aggregates—are reflected in the financials as they occur. Therefore, when historical trading volumes and discount structures are considered over time, there is an element of predictability in revenue patterns, provided that client behavior and trading volumes are stable.

2. Volatility: On the other hand, since the transaction fees and clearing fees are variable and depend on trading volume as well as the application of tiered discounts, fluctuations in trading activity can lead to monthly revenue volatility. As trading volumes increase, the automatic application of tiered volume discounts might dampen the revenue per trade. Conversely, lower trading volumes might result in less discounting. This means that while the timing of revenue recognition is predictable (i.e., monthly), the amounts recognized can vary significantly from month to month in response to market conditions, volume changes, and discount adjustments.

In summary, the monthly recognition process improves the timing predictability and allows for real‐time adjustments based on actual trading volumes and discounting mechanisms, but the inherent variability in trading volumes combined with tiered discount adjustments means that revenue can still be volatile from one month to the next.",5413,Error: Unable to generate response.
